Provider Number,Network,Facility Name,Address Line 1,City,State,Zip,County,Address,Chain Organization,Profit or Non-Profit,Certification or Recertification Date,# of Dialysis Stations,Offers in-center hemodialysis
52538,18,DAVITA-INGLEWOOD DIALYSIS,125 E. ARBOR VITAE,INGLEWOOD,CA,90301,LOS ANGELES,"125 E. ARBOR VITAE, INGLEWOOD, CA 90301",DAVITA,Profit,08/15/1977,41,TRUE
552661,18,DAVITA-GATEWAY PLAZA DIALYSIS CENTER,1580 W. ROSECRANS AVENUE,COMPTON,CA,90220,LOS ANGELES,"1580 W. ROSECRANS AVENUE, COMPTON, CA 90220",DAVITA,Profit,09/22/2010,16,TRUE
552793,18,DAVITA-AVALON DIALYSIS,5807 S. AVALON BLVD.,LOS ANGELES,CA,90011,LOS ANGELES,"5807 S. AVALON BLVD., LOS ANGELES, CA 90011",DAVITA,Profit,07/11/2016,24,TRUE
52764,18,FMC-SAN GABRIEL VALLEY PD CLINIC,"1801 W. VALLEY BLVD., SUITE 204",ALHAMBRA,CA,91803,LOS ANGELES,"1801 W. VALLEY BLVD., SUITE 204, ALHAMBRA, CA 91803",FRESENIUS MEDICAL CARE,Profit,04/27/1995,6,FALSE
552532,18,FMC-SOUTH BAY,1221 W. PACIFIC COAST HIGHWAY,HARBOR CITY,CA,90710,LOS ANGELES,"1221 W. PACIFIC COAST HIGHWAY, HARBOR CITY, CA 90710",FRESENIUS MEDICAL CARE,Profit,09/15/2004,25,TRUE
52746,18,DAVITA-AIRPORT SUNRISE DIALYSIS CENTER,11300 HAWTHORNE BLVD,INGLEWOOD,CA,90304,LOS ANGELES,"11300 HAWTHORNE BLVD, INGLEWOOD, CA 90304",DAVITA,Profit,01/01/1994,25,TRUE
52820,18,FMC-RAI-W. FOOTHILL BLVD-GLENDORA,120 W. FOOTHILL BLVD.,GLENDORA,CA,91740,LOS ANGELES,"120 W. FOOTHILL BLVD., GLENDORA, CA 91740",FRESENIUS MEDICAL CARE,Profit,01/29/1998,32,TRUE
552579,18,DAVITA-LONG BEACH HARBOR (UCLA) DIALYSIS CENTER,1075 E. PACIFIC COAST HIGHWAY,LONG BEACH,CA,90806,LOS ANGELES,"1075 E. PACIFIC COAST HIGHWAY, LONG BEACH, CA 90806",DAVITA,Profit,05/30/2007,12,TRUE
552660,18,DAVITA-PASADENA FOOTHILLS DIALYSIS CENTER,3722 E. COLORADO BLVD.,PASADENA,CA,91107,LOS ANGELES,"3722 E. COLORADO BLVD., PASADENA, CA 91107",DAVITA,Profit,09/29/2010,21,TRUE
52523,18,FMC-LONG BEACH,440 W. OCEAN BLVD.,LONG BEACH,CA,90802,LOS ANGELES,"440 W. OCEAN BLVD., LONG BEACH, CA 90802",FRESENIUS MEDICAL CARE,Profit,08/05/1977,16,TRUE
52837,18,U.S. RENAL CARE WESTSIDE DIALYSIS,300 S. ROBERTSON BLVD.,LOS ANGELES,CA,90048,LOS ANGELES,"300 S. ROBERTSON BLVD., LOS ANGELES, CA 90048","US RENAL CARE, INC.",Profit,08/19/1998,24,TRUE
52634,18,FMC-RAI-CENTINELA-INGLEWOOD,1416 CENTINELA AVENUE,INGLEWOOD,CA,90302,LOS ANGELES,"1416 CENTINELA AVENUE, INGLEWOOD, CA 90302",FRESENIUS MEDICAL CARE,Profit,11/20/1985,25,TRUE
52879,18,HACIENDA DIALYSIS CENTER,"2020 S. HACIENDA BLVD., SUITE G",HACIENDA HEIGHTS,CA,91745,LOS ANGELES,"2020 S. HACIENDA BLVD., SUITE G, HACIENDA HEIGHTS, CA 91745",INDEPENDENT,Profit,12/17/2001,18,TRUE
52539,18,DAVITA-LAKEWOOD DIALYSIS CENTER,4611 SILVA STREET,LAKEWOOD,CA,90712,LOS ANGELES,"4611 SILVA STREET, LAKEWOOD, CA 90712",DAVITA,Profit,07/11/1978,30,TRUE
52619,18,HUNTINGTON DIALYSIS CENTER,806 S. FAIR OAKS AVENUE,PASADENA,CA,91105,LOS ANGELES,"806 S. FAIR OAKS AVENUE, PASADENA, CA 91105","HEMODIALYSIS, INC.",Profit,04/01/1985,48,TRUE
552844,18,CALANTE DIALYSIS LLC,14434 SHERMAN WAY,VAN NUYS,CA,91405,LOS ANGELES,"14434 SHERMAN WAY, VAN NUYS, CA 91405",DAVITA,Profit,10/19/2018,36,TRUE
52665,18,DAVITA-SANTA MONICA DIALYSIS,"1260 15TH STREET, SUITE 102",SANTA MONICA,CA,90404,LOS ANGELES,"1260 15TH STREET, SUITE 102, SANTA MONICA, CA 90404",DAVITA,Profit,09/01/1987,22,TRUE
552773,18,DAVITA-BLUFF RD DIALYSIS,100 W. WASHINGTON BLVD.,MONTEBELLO,CA,90640,LOS ANGELES,"100 W. WASHINGTON BLVD., MONTEBELLO, CA 90640",DAVITA,Profit,12/08/2014,24,TRUE
552624,18,DAVITA-DOWNEY LANDING DIALYSIS CENTER,11611 BELLFLOWER BLVD.,DOWNEY,CA,90241,LOS ANGELES,"11611 BELLFLOWER BLVD., DOWNEY, CA 90241",DAVITA,Profit,06/08/2009,25,TRUE
52717,18,DAVITA-GREATER EL MONTE DIALYSIS CENTER,"1938 TYLER AVENUE, SUITE J-168",SOUTH EL MONTE,CA,91733,LOS ANGELES,"1938 TYLER AVENUE, SUITE J-168, SOUTH EL MONTE, CA 91733",DAVITA,Profit,10/15/1991,14,TRUE
52781,18,DAVITA-NORTH HOLLYWOOD DIALYSIS,12126 VICTORY BLVD.,NORTH HOLLYWOOD,CA,91606,LOS ANGELES,"12126 VICTORY BLVD., NORTH HOLLYWOOD, CA 91606",DAVITA,Profit,03/11/1996,28,TRUE
52744,18,DAVITA-SOUTH VALLEY DIALYSIS,"17815 VENTURA BLVD., SUITE 100",ENCINO,CA,91316,LOS ANGELES,"17815 VENTURA BLVD., SUITE 100, ENCINO, CA 91316",DAVITA,Profit,01/01/1994,25,TRUE
52724,18,DAVITA-SFS DIALYSIS,"10012 NORWALK BLVD., SUITE 190",SANTA FE SPRINGS,CA,90670,LOS ANGELES,"10012 NORWALK BLVD., SUITE 190, SANTA FE SPRINGS, CA 90670",DAVITA,Profit,06/11/1992,24,TRUE
552538,18,MOHAN DIALYSIS CENTER OF GLENDORA,638 S. GLENDORA AVENUE,GLENDORA,CA,91740,LOS ANGELES,"638 S. GLENDORA AVENUE, GLENDORA, CA 91740",INDEPENDENT,Profit,10/25/2004,21,TRUE
552511,18,DAVITA-ROSEMEAD SPRINGS DIALYSIS CENTER,3212 ROSEMEAD BLVD.,EL MONTE,CA,91731,LOS ANGELES,"3212 ROSEMEAD BLVD., EL MONTE, CA 91731",DAVITA,Profit,07/07/2003,16,TRUE
52720,18,CITRUS DIALYSIS CENTER,"315 N. THIRD AVENUE, SUITE 104",COVINA,CA,91723,LOS ANGELES,"315 N. THIRD AVENUE, SUITE 104, COVINA, CA 91723",INDEPENDENT,Profit,12/02/1991,22,TRUE
552588,18,DAVITA-BELLFLOWER DIALYSIS CENTER,15736 WOODRUFF AVENUE,BELLFLOWER,CA,90706,LOS ANGELES,"15736 WOODRUFF AVENUE, BELLFLOWER, CA 90706",DAVITA,Profit,10/19/2007,20,TRUE
552744,18,DAVITA-HAWTHORNE DIALYSIS,14204 PRAIRIE AVENUE,HAWTHORNE,CA,90250,LOS ANGELES,"14204 PRAIRIE AVENUE, HAWTHORNE, CA 90250",DAVITA,Profit,01/24/2014,25,TRUE
52554,18,DAVITA-VALLEY DIALYSIS CENTER,"6840 SEPULVEDA BLVD, SUITE 101",VAN NUYS,CA,91405,LOS ANGELES,"6840 SEPULVEDA BLVD, SUITE 101, VAN NUYS, CA 91405",DAVITA,Profit,12/01/1978,23,TRUE
52632,18,DAVITA-GLENDALE DIALYSIS,1000 E. PALMER AVENUE,GLENDALE,CA,91205,LOS ANGELES,"1000 E. PALMER AVENUE, GLENDALE, CA 91205",DAVITA,Profit,09/13/1985,20,TRUE
52847,18,FMC-WEST COVINA KIDNEY CENTER,1540 W. COVINA PARKWAY,WEST COVINA,CA,91790,LOS ANGELES,"1540 W. COVINA PARKWAY, WEST COVINA, CA 91790",FRESENIUS MEDICAL CARE,Profit,06/24/1999,20,TRUE
552585,18,"PERITONEAL DIALYSIS CENTER OF AMERICA, INC.",3112 W. BEVERLY BLVD.,MONTEBELLO,CA,90640,LOS ANGELES,"3112 W. BEVERLY BLVD., MONTEBELLO, CA 90640",INDEPENDENT,Profit,10/19/2007,0,FALSE
552666,18,DAVITA-GARFIELD HOME PROGRAM,"228 N. GARFIELD AVENUE, #301",MONTEREY PARK,CA,91754,LOS ANGELES,"228 N. GARFIELD AVENUE, #301, MONTEREY PARK, CA 91754",DAVITA,Profit,11/09/2010,4,FALSE
52726,18,MOHAN DIALYSIS CENTER OF COVINA,158 W. COLLEGE STREET,COVINA,CA,91723,LOS ANGELES,"158 W. COLLEGE STREET, COVINA, CA 91723",INDEPENDENT,Profit,08/10/1992,18,TRUE
52545,18,U.S. RENAL CARE NORTHRIDGE DIALYSIS,"18546 ROSCOE BLVD., SUITE 108",NORTHRIDGE,CA,91324,LOS ANGELES,"18546 ROSCOE BLVD., SUITE 108, NORTHRIDGE, CA 91324","US RENAL CARE, INC.",Profit,08/15/1977,24,TRUE
52580,18,DAVITA-COVINA DIALYSIS CENTER,1547 W. GARVEY AVENUE NORTH,WEST COVINA,CA,91790,LOS ANGELES,"1547 W. GARVEY AVENUE NORTH, WEST COVINA, CA 91790",DAVITA,Profit,01/14/1982,17,TRUE
552574,18,EAST LOS ANGELES DIALYSIS CENTER,5830 E. WHITTIER BLVD.,EAST LOS ANGELES,CA,90022,LOS ANGELES,"5830 E. WHITTIER BLVD., EAST LOS ANGELES, CA 90022",INDEPENDENT,Profit,03/05/2007,40,TRUE
52710,18,"LA PUENTE DIALYSIS CENTER, INC.",14557 TEMPLE AVENUE,LA PUENTE,CA,91744,LOS ANGELES,"14557 TEMPLE AVENUE, LA PUENTE, CA 91744",INDEPENDENT,Profit,04/08/1991,24,TRUE
52718,18,DAVITA-NORWALK DIALYSIS CENTER,12375 E. IMPERIAL HIGHWAY,NORWALK,CA,90650,LOS ANGELES,"12375 E. IMPERIAL HIGHWAY, NORWALK, CA 90650",DAVITA,Profit,11/13/1991,17,TRUE
52868,18,"QUEENS DIALYSIS UNIT, INC.","1135 S. SUNSET AVENUE, SUITE 103",WEST COVINA,CA,91790,LOS ANGELES,"1135 S. SUNSET AVENUE, SUITE 103, WEST COVINA, CA 91790",INDEPENDENT,Profit,04/23/2001,21,TRUE
52785,18,DAVITA-DOCTORS DIALYSIS CENTER OF MONTEBELLO,1721 W. WHITTIER BLVD.,MONTEBELLO,CA,90640,LOS ANGELES,"1721 W. WHITTIER BLVD., MONTEBELLO, CA 90640",DAVITA,Profit,05/03/1996,28,TRUE
552649,18,DAVITA-CARABELLO DIALYSIS CENTER,757 E. WAHINGTON BLVD.,LOS ANGELES,CA,90021,LOS ANGELES,"757 E. WAHINGTON BLVD., LOS ANGELES, CA 90021",DAVITA,Profit,01/29/2010,24,TRUE
52558,18,HOLY CROSS RENAL CENTER,"14901 RINALDI STREET, SUITE 100",MISSION HILLS,CA,91345,LOS ANGELES,"14901 RINALDI STREET, SUITE 100, MISSION HILLS, CA 91345","HEMODIALYSIS, INC.",Profit,12/01/1979,52,TRUE
552640,18,MONTEBELLO ARTIFICIAL KIDNEY CENTER,3404 W. BEVERLY BLVD.,MONTEBELLO,CA,90640,LOS ANGELES,"3404 W. BEVERLY BLVD., MONTEBELLO, CA 90640",INDEPENDENT,Profit,09/28/2009,24,TRUE
52633,18,FMC-MISSION HILLS,"11550 INDIAN HILLS ROAD, SUITE 100",MISSION HILLS,CA,91345,LOS ANGELES,"11550 INDIAN HILLS ROAD, SUITE 100, MISSION HILLS, CA 91345",FRESENIUS MEDICAL CARE,Profit,10/28/1985,23,TRUE
552734,18,FMC-LIBERTY WEST PASADENA,757 S. RAYMOND AVENUE,PASADENA,CA,91105,LOS ANGELES,"757 S. RAYMOND AVENUE, PASADENA, CA 91105",FRESENIUS MEDICAL CARE,Profit,08/28/2013,21,TRUE
52880,18,FMC-BELLFLOWER,10116 ROSECRANS AVENUE,BELLFLOWER,CA,90706,LOS ANGELES,"10116 ROSECRANS AVENUE, BELLFLOWER, CA 90706",FRESENIUS MEDICAL CARE,Profit,01/30/2002,36,TRUE
52801,18,DAVITA-HOLLYWOOD DIALYSIS CENTER,5108 SUNSET BLVD.,LOS ANGELES,CA,90027,LOS ANGELES,"5108 SUNSET BLVD., LOS ANGELES, CA 90027",DAVITA,Profit,04/04/1997,20,TRUE
52856,18,DAVITA-WASHINGTON PLAZA DIALYSIS CENTER,516-522 E. WASHINGTON BLVD.,LOS ANGELES,CA,90015,LOS ANGELES,"516-522 E. WASHINGTON BLVD., LOS ANGELES, CA 90015",DAVITA,Profit,01/26/2000,24,TRUE
552783,18,U.S. RENAL CARE BEVERLY HILLS DIALYSIS,8420 WILSHRIE BLVD.,BEVERLY HILLS,CA,90211,LOS ANGELES,"8420 WILSHRIE BLVD., BEVERLY HILLS, CA 90211","US RENAL CARE, INC.",Profit,04/25/2016,21,TRUE
52687,18,FMC-CARSON,"20710 S. LEAPWOOD AVENUE, SUITE F",CARSON,CA,90746,LOS ANGELES,"20710 S. LEAPWOOD AVENUE, SUITE F, CARSON, CA 90746",FRESENIUS MEDICAL CARE,Profit,06/09/1989,11,TRUE
552573,18,"AZUSA DIALYSIS CENTER, LLC",312 N. AZUSA AVENUE,AZUSA,CA,91702,LOS ANGELES,"312 N. AZUSA AVENUE, AZUSA, CA 91702",INDEPENDENT,Profit,03/05/2007,24,TRUE
552843,18,DAVTA-ROWLAND HEIGHTS DIALYSIS,"17875 COLIMA RD, SUITE A",CITY OF INDUSTRY,CA,91748,LOS ANGELES,"17875 COLIMA RD, SUITE A, CITY OF INDUSTRY, CA 91748",DAVITA,Profit,10/17/2018,32,TRUE
52840,18,U.S. RENAL CARE LONG BEACH DIALYSIS,"1045 ATLANTIC AVENUE, SUITE 108",LONG BEACH,CA,90813,LOS ANGELES,"1045 ATLANTIC AVENUE, SUITE 108, LONG BEACH, CA 90813","US RENAL CARE, INC.",Profit,12/02/1998,24,TRUE
552667,18,DAVITA-HUNTINGTON PARK DIALYSIS,5942 RUGBY AVENUE,HUNTINGTON PARK,CA,90255,LOS ANGELES,"5942 RUGBY AVENUE, HUNTINGTON PARK, CA 90255",DAVITA,Profit,01/28/2011,21,TRUE
52599,18,DAVITA-BEVERLY HILLS DIALYSIS CENTER,"50 N. LA CIENEGA BLVD., SUITE 300",BEVERLY HILLS,CA,90211,LOS ANGELES,"50 N. LA CIENEGA BLVD., SUITE 300, BEVERLY HILLS, CA 90211",DAVITA,Profit,01/01/1984,30,TRUE
552508,18,FMC-WOODLAND HILLS DIALYSIS CENTER,"19836 VENTURA BLVD., SUITE C",WOODLAND HILLS,CA,91364,LOS ANGELES,"19836 VENTURA BLVD., SUITE C, WOODLAND HILLS, CA 91364",FRESENIUS MEDICAL CARE,Profit,06/04/2003,21,TRUE
52671,18,DAVITA-UNITED DIALYSIS CENTER,3111 LONG BEACH BLVD.,LONG BEACH,CA,90807,LOS ANGELES,"3111 LONG BEACH BLVD., LONG BEACH, CA 90807",DAVITA,Profit,09/01/1988,26,TRUE
52884,18,WHITTIER KIDNEY DIALYSIS CENTER,16417 E. WHITTIER BLVD.,WHITTIER,CA,90603,LOS ANGELES,"16417 E. WHITTIER BLVD., WHITTIER, CA 90603",INDEPENDENT,Profit,06/05/2002,29,TRUE
52684,18,PERITONEAL DIALYSIS CENTER OF AMERICA-SAN GABRIEL PC,"809 S. ATLANTIC BLVD., SUITE 103",MONTEREY PARK,CA,91754,LOS ANGELES,"809 S. ATLANTIC BLVD., SUITE 103, MONTEREY PARK, CA 91754",INDEPENDENT,Profit,07/22/1989,2,FALSE
52806,18,"KIDNEY DIALYSIS CENTER OF BALDWIN HILLS, LLC",3705 S. LA BREA AVENUE,LOS ANGELES,CA,90016,LOS ANGELES,"3705 S. LA BREA AVENUE, LOS ANGELES, CA 90016","KIDNEY CENTER, INC.",Profit,07/03/1997,17,TRUE
52502,18,DAVITA-KIDNEY DIALYSIS CARE UNIT,3600 E. MARTIN LUTHER KING JR. BLVD.,LYNWOOD,CA,90262,LOS ANGELES,"3600 E. MARTIN LUTHER KING JR. BLVD., LYNWOOD, CA 90262",DAVITA,Profit,12/14/1977,40,TRUE
552784,18,U.S. RENAL CARE SOUTH BAY HOME PROGRAM,23441 MADISON STREET #320,TORRANCE,CA,90503,LOS ANGELES,"23441 MADISON STREET #320, TORRANCE, CA 90503","US RENAL CARE, INC.",Profit,04/01/2016,4,FALSE
52778,18,NRC-SANTA CLARITA KIDNEY CENTER,"23861 W. MCBEAN PARKWAY, SUITE E-11",VALENCIA,CA,91355,LOS ANGELES,"23861 W. MCBEAN PARKWAY, SUITE E-11, VALENCIA, CA 91355",NATIONAL RENAL CARE,Profit,02/19/1996,22,TRUE
552501,18,ADVANCED DIALYSIS CENTER,3932 DOWNING AVENUE,BALDWIN PARK,CA,91706,LOS ANGELES,"3932 DOWNING AVENUE, BALDWIN PARK, CA 91706",INDEPENDENT,Profit,03/05/2003,18,TRUE
52699,18,HIGH DESERT HEMODIALYSIS,"1007 W. AVENUE M-14, SUITE B",PALMDALE,CA,93551,LOS ANGELES,"1007 W. AVENUE M-14, SUITE B, PALMDALE, CA 93551",INDEPENDENT,Profit,09/05/1990,10,TRUE
52521,18,DAVITA-ANTELOPE VALLEY DIALYSIS,"1759 W. AVENUE J, SUITE 102",LANCASTER,CA,93534,LOS ANGELES,"1759 W. AVENUE J, SUITE 102, LANCASTER, CA 93534",DAVITA,Profit,08/04/1977,30,TRUE
52782,18,"MOUNTAIN VIEW DIALYSIS CENTER, INC.",900 S. MOUNTAIN AVENUE,MONROVIA,CA,91016,LOS ANGELES,"900 S. MOUNTAIN AVENUE, MONROVIA, CA 91016",INDEPENDENT,Profit,05/01/1996,24,TRUE
52725,18,DAVITA-DOCTORS DIALYSIS CENTER OF EAST LOS ANGELES,950 S. EASTERN AVENUE,EAST LOS ANGELES,CA,90022,LOS ANGELES,"950 S. EASTERN AVENUE, EAST LOS ANGELES, CA 90022",DAVITA,Profit,07/15/1992,32,TRUE
52323,18,KAISER FOUNDATION HOSPITAL MEDICAL CTR.- SUNSET,"DIALYSIS UNIT 4700 SUNSET BLVD., 2ND FLOOR",LOS ANGELES,CA,90027,LOS ANGELES,"DIALYSIS UNIT 4700 SUNSET BLVD., 2ND FLOOR, LOS ANGELES, CA 90027",KAISER PERMANENTE,Non-Profit,07/25/1977,30,TRUE
52882,18,FMC-WEST LOS ANGELES,"301 N. PRAIRIE AVENUE, SUITE 100",INGLEWOOD,CA,90301,LOS ANGELES,"301 N. PRAIRIE AVENUE, SUITE 100, INGLEWOOD, CA 90301",FRESENIUS MEDICAL CARE,Profit,03/12/2002,21,TRUE
52761,18,DAVITA-PREMIER DIALYSIS CENTER,7612 ATLANTIC AVENUE,CUDAHY,CA,90201,LOS ANGELES,"7612 ATLANTIC AVENUE, CUDAHY, CA 90201",DAVITA,Profit,04/11/1995,36,TRUE
552583,18,U.S. RENAL CARE ROSEMEAD DIALYSIS,3100 DEL MAR AVENUE,ROSEMEAD,CA,91770,LOS ANGELES,"3100 DEL MAR AVENUE, ROSEMEAD, CA 91770","US RENAL CARE, INC.",Profit,09/24/2007,18,TRUE
552787,18,DAVITA-ARCADIA OAKS DIALYSIS,"721 W HUNTINGTON DRIVE, SUITE A-D",ARCADIA,CA,91007,LOS ANGELES,"721 W HUNTINGTON DRIVE, SUITE A-D, ARCADIA, CA 91007",DAVITA,Profit,05/02/2016,20,TRUE
52715,18,U.S. RENAL CARE LOMITA DIALYSIS,1830 LOMITA BLVD.,LOMITA,CA,90717,LOS ANGELES,"1830 LOMITA BLVD., LOMITA, CA 90717","US RENAL CARE, INC.",Profit,09/25/1991,21,TRUE
552639,18,DAVITA-IOWA STREET DIALYSIS,"8333 IOWA STREET, SUITE 100",DOWNEY,CA,90241,LOS ANGELES,"8333 IOWA STREET, SUITE 100, DOWNEY, CA 90241",DAVITA,Profit,09/25/2009,21,TRUE
52809,18,U.S. RENAL CARE WEST LOS ANGELES DIALYSIS,1801 S. LA CIENEGA BLVD.,LOS ANGELES,CA,90035,LOS ANGELES,"1801 S. LA CIENEGA BLVD., LOS ANGELES, CA 90035","US RENAL CARE, INC.",Profit,09/03/1997,22,TRUE
552819,18,"SANTA CLARITA DIALYSIS, LLC",23421 LYONS AVENUE,VALENCIA,CA,91355,LOS ANGELES,"23421 LYONS AVENUE, VALENCIA, CA 91355",INDEPENDENT,Profit,10/16/2017,27,TRUE
52670,18,DAVITA-IMPERIAL DIALYSIS,2738 W. IMPERIAL HIGHWAY,INGLEWOOD,CA,90303,LOS ANGELES,"2738 W. IMPERIAL HIGHWAY, INGLEWOOD, CA 90303",DAVITA,Profit,05/19/1988,30,TRUE
52890,18,FMC-ANTELOPE VALLEY,"44950 VALLEY CENTRAL WAY, SUITE 108",LANCASTER,CA,93536,LOS ANGELES,"44950 VALLEY CENTRAL WAY, SUITE 108, LANCASTER, CA 93536",FRESENIUS MEDICAL CARE,Profit,11/20/2002,22,TRUE
52581,18,U.S. RENAL CARE GARDENA DIALYSIS - REDONDO,"1045 W. REDONDO BEACH BLVD., SUITE 105",GARDENA,CA,90247,LOS ANGELES,"1045 W. REDONDO BEACH BLVD., SUITE 105, GARDENA, CA 90247","US RENAL CARE, INC.",Profit,03/19/1982,17,TRUE
52644,18,FMC-ALHAMBRA,2300 W. VALLEY BLVD.,ALHAMBRA,CA,91803,LOS ANGELES,"2300 W. VALLEY BLVD., ALHAMBRA, CA 91803",FRESENIUS MEDICAL CARE,Profit,04/14/1986,20,TRUE
52803,18,DAVITA-CARSON DIALYSIS,1309 E. CARSON STREET,CARSON,CA,90745,LOS ANGELES,"1309 E. CARSON STREET, CARSON, CA 90745",DAVITA,Profit,04/23/1997,16,TRUE
552742,18,DAVITA-BOYLE HEIGHTS,1936 EAST 1ST STREET,LOS ANGELES,CA,90033,LOS ANGELES,"1936 EAST 1ST STREET, LOS ANGELES, CA 90033",DAVITA,Profit,10/30/2013,27,TRUE
552507,18,U.S. RENAL CARE SHERMAN OAKS DIALYSIS,"4955 VAN NUYS BLVD., SUITE 111",SHERMAN OAKS,CA,91403,LOS ANGELES,"4955 VAN NUYS BLVD., SUITE 111, SHERMAN OAKS, CA 91403","US RENAL CARE, INC.",Profit,05/14/2003,19,TRUE
52846,18,FMC-INGLEWOOD,"336 E. HILLCREST AVENUE, SUITE 100",INGLEWOOD,CA,90301,LOS ANGELES,"336 E. HILLCREST AVENUE, SUITE 100, INGLEWOOD, CA 90301",FRESENIUS MEDICAL CARE,Profit,06/16/1999,20,TRUE
52679,18,U.S. RENAL CARE REDONDO BEACH DIALYSIS,514 N. PROSPECT AVENUE,REDONDO BEACH,CA,90277,LOS ANGELES,"514 N. PROSPECT AVENUE, REDONDO BEACH, CA 90277","US RENAL CARE, INC.",Profit,02/01/1989,7,TRUE
552785,18,DAVITA-GLENDORA FOOTHILLS DIALYSIS,"750 WEST ROUTE 66, SUITE Q",GLENDORA,CA,91740,LOS ANGELES,"750 WEST ROUTE 66, SUITE Q, GLENDORA, CA 91740",DAVITA,Profit,06/06/2016,24,TRUE
552597,18,DAVITA-SANTA FE SPRINGS DIALYSIS,11147 WASHINGTON BLVD.,WHITTIER,CA,90606,LOS ANGELES,"11147 WASHINGTON BLVD., WHITTIER, CA 90606",DAVITA,Profit,04/25/2008,16,TRUE
552584,18,FMC-DIALYSIS SERVICES OF MID-WILSHIRE,"3545 WILSHIRE BLVD., SUITE 100-103",LOS ANGELES,CA,90010,LOS ANGELES,"3545 WILSHIRE BLVD., SUITE 100-103, LOS ANGELES, CA 90010",FRESENIUS MEDICAL CARE,Profit,09/26/2007,17,TRUE
552799,18,FMC-SOUTH BAY HOME THERAPY,1223 PACIFIC COAST HIGHWAY,HARBOR CITY,CA,90710,LOS ANGELES,"1223 PACIFIC COAST HIGHWAY, HARBOR CITY, CA 90710",FRESENIUS MEDICAL CARE,Profit,10/18/2016,6,FALSE
552580,18,DAVITA-MAR VISTA,"2020 SANTA MONICA BLVD., SUITE 100 & 120",SANTA MONICA,CA,90404,LOS ANGELES,"2020 SANTA MONICA BLVD., SUITE 100 & 120, SANTA MONICA, CA 90404",DAVITA,Profit,07/18/2007,20,TRUE
52896,18,DAVITA-CERRITOS DIALYSIS,"19222 PIONEER BLVD., SUITE 101",CERRITOS,CA,90703,LOS ANGELES,"19222 PIONEER BLVD., SUITE 101, CERRITOS, CA 90703",DAVITA,Profit,01/02/2003,21,TRUE
552509,18,DAVITA-WHITTIER DIALYSIS CENTER,"10055 WHITTWOOD DRIVE, SUITE A",WHITTIER,CA,90603,LOS ANGELES,"10055 WHITTWOOD DRIVE, SUITE A, WHITTIER, CA 90603",DAVITA,Profit,06/16/2003,18,TRUE
552836,18,FMC-WEST GLENDALE,623 SOUTH CENTRAL AVENUE,GLENDALE,CA,91204,LOS ANGELES,"623 SOUTH CENTRAL AVENUE, GLENDALE, CA 91204",FRESENIUS MEDICAL CARE,Profit,05/23/2018,24,TRUE
552778,18,"NRC-SYLMAR DIALYSIS, LLC",12151 SAN FERNANDO RD.,SYLMAR,CA,91342,LOS ANGELES,"12151 SAN FERNANDO RD., SYLMAR, CA 91342",NATIONAL RENAL CARE,Profit,04/06/2015,32,TRUE
52867,18,EAST PALMDALE DIALYSIS CENTER,2710 E. PALMDALE BLVD.,PALMDALE,CA,93550,LOS ANGELES,"2710 E. PALMDALE BLVD., PALMDALE, CA 93550",INDEPENDENT,Profit,05/08/2001,20,TRUE
552614,18,DAVITA-BIXBY KNOLLS DIALYSIS,3744 LONG BEACH BLVD.,LONG BEACH,CA,90807,LOS ANGELES,"3744 LONG BEACH BLVD., LONG BEACH, CA 90807",DAVITA,Profit,09/29/2008,23,TRUE
552777,18,"LAUREL CANYON DIALYSIS, LLC",8987 LAUREL CANYON BLVD.,SUN VALLEY,CA,91352,LOS ANGELES,"8987 LAUREL CANYON BLVD., SUN VALLEY, CA 91352",INDEPENDENT,Profit,04/08/2015,30,TRUE
52859,18,DAVITA-WEST GLENDALE DIALYSIS,1427 S. GLENDALE AVENUE,GLENDALE,CA,91205,LOS ANGELES,"1427 S. GLENDALE AVENUE, GLENDALE, CA 91205",DAVITA,Profit,04/25/2000,19,TRUE
552547,18,"NRC-CANYON COUNTRY DIALYSIS CENTER, LLC","18520 VIA PRINCESSA, BUILDING C-1",CANYON COUNTRY,CA,91387,LOS ANGELES,"18520 VIA PRINCESSA, BUILDING C-1, CANYON COUNTRY, CA 91387",NATIONAL RENAL CARE,Profit,09/14/2005,15,TRUE
52384,18,KAISER FOUNDATION HOSPITAL MEDICAL CTR.- WEST LOS ANGELES,"DIALYSIS UNIT 6041 CADILLAC AVENUE, SUITE 442",LOS ANGELES,CA,90034,LOS ANGELES,"DIALYSIS UNIT 6041 CADILLAC AVENUE, SUITE 442, LOS ANGELES, CA 90034",KAISER PERMANENTE,Non-Profit,04/26/1993,3,FALSE
52788,18,DAVITA-NEPHRON DIALYSIS,5820 DOWNEY AVENUE,LONG BEACH,CA,90805,LOS ANGELES,"5820 DOWNEY AVENUE, LONG BEACH, CA 90805",DAVITA,Profit,08/08/1996,21,TRUE
52321,18,CHILDRENS HOSPITAL OF LOS ANGELES,"DIVISION OF NEPHROLOGY (DIALYSIS) 4650 SUNSET BLVD., BOX 40",LOS ANGELES,CA,90027,LOS ANGELES,"DIVISION OF NEPHROLOGY (DIALYSIS) 4650 SUNSET BLVD., BOX 40, LOS ANGELES, CA 90027",INDEPENDENT,Non-Profit,07/28/1977,10,TRUE
52713,18,DAVITA-UNIVERSITY PARK DIALYSIS CENTER,3986 S. FIGUEROA STREET,LOS ANGELES,CA,90037,LOS ANGELES,"3986 S. FIGUEROA STREET, LOS ANGELES, CA 90037",DAVITA,Profit,06/07/1991,20,TRUE
552662,18,U.S. RENAL CARE VERDUGO HILLS DIALYSIS,"1808 VERDUGO BLVD., SUITE 200",GLENDALE,CA,91208,LOS ANGELES,"1808 VERDUGO BLVD., SUITE 200, GLENDALE, CA 91208","US RENAL CARE, INC.",Profit,08/30/2010,25,TRUE
552589,18,DAVITA-NORTH GLENDALE,"1505 WILSON TERRACE, SUITE 190",GLENDALE,CA,91206,LOS ANGELES,"1505 WILSON TERRACE, SUITE 190, GLENDALE, CA 91206",DAVITA,Profit,12/14/2007,36,TRUE
552694,18,DAVITA-ARTESIA HOME TRAINING,"16506 LAKEWOOD BLVD, SUITE 100",BELLFLOWER,CA,90706,LOS ANGELES,"16506 LAKEWOOD BLVD, SUITE 100, BELLFLOWER, CA 90706",DAVITA,Profit,11/30/2011,8,FALSE
52701,18,U.S. RENAL CARE EARL STREET DIALYSIS,"20911 EARL STREET, SUITE 160",TORRANCE,CA,90503,LOS ANGELES,"20911 EARL STREET, SUITE 160, TORRANCE, CA 90503","US RENAL CARE, INC.",Profit,11/02/1990,9,TRUE
552833,18,U.S. RENAL CARE SOUTH BAY DIALYSIS,4450 182ND STREET,REDONDO BEACH,CA,90278,LOS ANGELES,"4450 182ND STREET, REDONDO BEACH, CA 90278","US RENAL CARE, INC.",Profit,05/02/2018,14,TRUE
552821,18,DAVITA-SOUTH GATE DIALYSIS,9848 ATLANTIC AVENUE,SOUTH GATE,CA,90280,LOS ANGELES,"9848 ATLANTIC AVENUE, SOUTH GATE, CA 90280",DALLAS COUNTY HOSPITAL DISTRICT,Profit,10/18/2017,25,TRUE
52869,18,DAVITA-PALMDALE REGIONAL DIALYSIS,1643 E. PALMDALE BLVD.,PALMDALE,CA,93550,LOS ANGELES,"1643 E. PALMDALE BLVD., PALMDALE, CA 93550",DAVITA,Profit,07/03/2001,24,TRUE
552674,18,NRC-NORTHRIDGE DIALYSIS CENTER,9325 RESEDA BLVD.,NORTHRIDGE,CA,91324,LOS ANGELES,"9325 RESEDA BLVD., NORTHRIDGE, CA 91324",NATIONAL RENAL CARE,Profit,04/06/2011,22,TRUE
52591,18,DAVITA-POMONA DIALYSIS,2111 N. GAREY AVENUE,POMONA,CA,91767,LOS ANGELES,"2111 N. GAREY AVENUE, POMONA, CA 91767",DAVITA,Profit,07/15/1983,32,TRUE
552526,18,U.S. RENAL CARE GRAND AVENUE DIALYSIS,"1400 S. GRAND AVENUE, SUITE 105",LOS ANGELES,CA,90015,LOS ANGELES,"1400 S. GRAND AVENUE, SUITE 105, LOS ANGELES, CA 90015","US RENAL CARE, INC.",Profit,05/10/2004,20,TRUE
52827,18,U.S. RENAL CARE PANORAMA CITY DIALYSIS,14600 ROSCOE BLVD.,PANORAMA CITY,CA,91402,LOS ANGELES,"14600 ROSCOE BLVD., PANORAMA CITY, CA 91402","US RENAL CARE, INC.",Profit,04/27/1998,36,TRUE
552853,18,NORTHRIDGE KIDNEY CARE CENTER,19333 BUSINESS CENTER DRIVE,NORTHRIDGE,CA,91324,LOS ANGELES,"19333 BUSINESS CENTER DRIVE, NORTHRIDGE, CA 91324",INDEPENDENT,Profit,12/13/2018,0,TRUE
552835,18,DAVITA-WARNER CENTER DIALYSIS,21040 CALIFA ST SUITE A,WOODLAND HILLS,CA,91367,LOS ANGELES,"21040 CALIFA ST SUITE A, WOODLAND HILLS, CA 91367",DAVITA,Profit,05/21/2018,24,TRUE
552837,18,"POMONA DIALYSIS CENTER, INC.","255 E. BONITA AVENUE, BUILDING 1 STE 200",POMONA,CA,91767,LOS ANGELES,"255 E. BONITA AVENUE, BUILDING 1 STE 200, POMONA, CA 91767",INDEPENDENT,Profit,06/15/2018,24,TRUE
552695,18,SATELLITE HEALTHCARE SOUTH GATE,"8716 GARFIELD AVENUE, SUITE 100",SOUTH GATE,CA,90280,LOS ANGELES,"8716 GARFIELD AVENUE, SUITE 100, SOUTH GATE, CA 90280",SATELLITE HEALTHCARE,Non-Profit,12/21/2011,25,TRUE
52852,18,DAVITA-CRESCENT HEIGHTS DIALYSIS CENTER,8151 BEVERLY BLVD.,LOS ANGELES,CA,90048,LOS ANGELES,"8151 BEVERLY BLVD., LOS ANGELES, CA 90048",DAVITA,Profit,10/27/1999,20,TRUE
52556,18,U.S. RENAL CARE SKYPARK DIALYSIS,3295 SKYPARK DRIVE,TORRANCE,CA,90505,LOS ANGELES,"3295 SKYPARK DRIVE, TORRANCE, CA 90505","US RENAL CARE, INC.",Profit,12/27/1978,12,TRUE
552774,18,DAVITA-POMONA VALLEY DIALYSIS,2703 S TOWNE AVENUE,POMONA,CA,91766,LOS ANGELES,"2703 S TOWNE AVENUE, POMONA, CA 91766",DAVITA,Profit,11/17/2014,32,TRUE
52802,18,DAVITA-HARBOR UCLA,21602 S. VERMONT AVENUE,TORRANCE,CA,90502,LOS ANGELES,"21602 S. VERMONT AVENUE, TORRANCE, CA 90502",DAVITA,Profit,04/02/1997,30,TRUE
52875,18,U.S. RENAL CARE CULVER CITY,"9808 VENICE BLVD., SUITE 200",CULVER CITY,CA,90232,LOS ANGELES,"9808 VENICE BLVD., SUITE 200, CULVER CITY, CA 90232","US RENAL CARE, INC.",Profit,12/04/2001,18,TRUE
552517,18,ARROYO DIALYSIS CENTER,"1111 S. ARROYO PARKWAY, SUITE 150",PASADENA,CA,91105,LOS ANGELES,"1111 S. ARROYO PARKWAY, SUITE 150, PASADENA, CA 91105",INDEPENDENT,Profit,10/22/2003,24,TRUE
52631,18,DAVITA-WILSHIRE DIALYSIS CENTER,1212 WILSHIRE BLVD.,LOS ANGELES,CA,90017,LOS ANGELES,"1212 WILSHIRE BLVD., LOS ANGELES, CA 90017",DAVITA,Profit,09/09/1985,19,TRUE
552641,18,FMC-NORWALK EAST,13063 ROSECRANS AVENUE,SANTA FE SPRINGS,CA,90670,LOS ANGELES,"13063 ROSECRANS AVENUE, SANTA FE SPRINGS, CA 90670",FRESENIUS MEDICAL CARE,Profit,12/04/2009,18,TRUE
552659,18,DAVITA-SILVER LAKE DIALYSIS,2723 W. TEMPLE STREET,LOS ANGELES,CA,90026,LOS ANGELES,"2723 W. TEMPLE STREET, LOS ANGELES, CA 90026",DAVITA,Profit,08/05/2010,30,TRUE
52755,18,FMC-EL MONTE,11204 E. RUSH STREET,SOUTH EL MONTE,CA,91733,LOS ANGELES,"11204 E. RUSH STREET, SOUTH EL MONTE, CA 91733",FRESENIUS MEDICAL CARE,Profit,02/17/1995,17,TRUE
552696,18,U.S. RENAL CARE CARSON DIALYSIS,"930 EAST DOMINGUEZ STREET, SUITE A",CARSON,CA,90746,LOS ANGELES,"930 EAST DOMINGUEZ STREET, SUITE A, CARSON, CA 90746","US RENAL CARE, INC.",Profit,01/25/2012,18,TRUE
552593,18,ANTELOPE VALLEY KIDNEY INSTITUTE,"43932 15TH STREET, SUITE 103",LANCASTER,CA,93534,LOS ANGELES,"43932 15TH STREET, SUITE 103, LANCASTER, CA 93534",INDEPENDENT,Profit,03/10/2008,20,TRUE
52790,18,"NRC-KIDNEY CARE CENTER OF NORTH VALLEY, INC",16907 DEVONSHIRE STREET,GRANADA HILLS,CA,91344,LOS ANGELES,"16907 DEVONSHIRE STREET, GRANADA HILLS, CA 91344",NATIONAL RENAL CARE,Profit,07/24/1996,20,TRUE
52791,18,ROSEMEAD DIALYSIS CENTER,7403 HELLMAN AVENUE,ROSEMEAD,CA,91770,LOS ANGELES,"7403 HELLMAN AVENUE, ROSEMEAD, CA 91770",INDEPENDENT,Profit,08/20/1996,17,TRUE
52549,18,FMC-BURBANK,"2031 ALAMEDA AVENUE, SUITE 202",BURBANK,CA,91506,LOS ANGELES,"2031 ALAMEDA AVENUE, SUITE 202, BURBANK, CA 91506",FRESENIUS MEDICAL CARE,Profit,08/30/1977,21,TRUE
52637,18,DAVITA-BURBANK DIALYSIS,1211 N. SAN FERNANDO BLVD.,BURBANK,CA,91504,LOS ANGELES,"1211 N. SAN FERNANDO BLVD., BURBANK, CA 91504",DAVITA,Profit,01/27/1986,24,TRUE
52889,18,FMC-NORTH LONG BEACH,145 W. VICTORIA STREET,LONG BEACH,CA,90805,LOS ANGELES,"145 W. VICTORIA STREET, LONG BEACH, CA 90805",FRESENIUS MEDICAL CARE,Profit,07/22/2002,13,TRUE
552709,18,LONG BEACH QUEST DIALYSIS CENTER,3140 LONG BEACH BLVD.,LONG BEACH,CA,90807,LOS ANGELES,"3140 LONG BEACH BLVD., LONG BEACH, CA 90807",INDEPENDENT,Profit,10/12/2012,24,TRUE
52622,18,DAVITA-EAST LA PLAZA DIALYSIS,"1700 CESAR E. CHAVEZ AVE., SUITE L-100",LOS ANGELES,CA,90033,LOS ANGELES,"1700 CESAR E. CHAVEZ AVE., SUITE L-100, LOS ANGELES, CA 90033",DAVITA,Profit,04/11/1985,30,TRUE
52821,18,U.S. RENAL CARE GARDENA DIALYSIS - 190TH,"1149 W. 190TH STREET, SUITE 1004",GARDENA,CA,90248,LOS ANGELES,"1149 W. 190TH STREET, SUITE 1004, GARDENA, CA 90248","US RENAL CARE, INC.",Profit,02/04/1998,21,TRUE
52389,18,KAISER FOUNDATION HOSPITAL MEDICAL CTR.- DOWNEY,"CAPD DEPARTMENT-BASEMENT, 9333 E. IMPERIAL HWY",DOWNEY,CA,90242,LOS ANGELES,"CAPD DEPARTMENT-BASEMENT, 9333 E. IMPERIAL HWY, DOWNEY, CA 90242",KAISER PERMANENTE,Non-Profit,12/01/1994,6,FALSE
52522,18,"MOBILE DIALYSIS SERVICES, INC. (COMPTON)",801 W. COMPTON BLVD.,COMPTON,CA,90220,LOS ANGELES,"801 W. COMPTON BLVD., COMPTON, CA 90220",INDEPENDENT,Profit,09/01/1976,36,TRUE
52654,18,FMC-GAREY DIALYSIS CENTER PARTNERSHIP,150 E. ARROW HIGHWAY,POMONA,CA,91767,LOS ANGELES,"150 E. ARROW HIGHWAY, POMONA, CA 91767",FRESENIUS MEDICAL CARE,Profit,01/06/1987,29,TRUE
52899,18,U.S. RENAL CARE LOS ANGELES DIALYSIS,"1125 W. 6TH STREET, SUITE 101",LOS ANGELES,CA,90017,LOS ANGELES,"1125 W. 6TH STREET, SUITE 101, LOS ANGELES, CA 90017","US RENAL CARE, INC.",Profit,03/12/2003,22,TRUE
552692,18,U.S. RENAL CARE GALA DIALYSIS,1666 W. THIRD STREET,LOS ANGELES,CA,90017,LOS ANGELES,"1666 W. THIRD STREET, LOS ANGELES, CA 90017","US RENAL CARE, INC.",Profit,10/24/2011,21,TRUE
52381,18,KAISER FOUNDATION HOSPITAL MEDICAL CTR.- WOODLAND HILLS,"5601 DE SOTO AVENUE, AREA 247",WOODLAND HILLS,CA,91365,LOS ANGELES,"5601 DE SOTO AVENUE, AREA 247, WOODLAND HILLS, CA 91365",KAISER PERMANENTE,Non-Profit,10/02/1991,2,FALSE
52695,18,DAVITA-LOS ANGELES DIALYSIS CENTER,3901 S. WESTERN AVENUE,LOS ANGELES,CA,90062,LOS ANGELES,"3901 S. WESTERN AVENUE, LOS ANGELES, CA 90062",DAVITA,Profit,03/01/1990,28,TRUE
552800,18,DAVITA-BEVERLYWOOD DIALYSIS,"2080 CENTURY PARK EAST, SUITE 210",LOS ANGELES,CA,90067,LOS ANGELES,"2080 CENTURY PARK EAST, SUITE 210, LOS ANGELES, CA 90067",DAVITA,Profit,10/26/2016,13,TRUE
552568,18,FMC-DIALYSIS SERVICES OF EAST LOS ANGELES,5220 E. TELFORD STREET,EAST LOS ANGELES,CA,90022,LOS ANGELES,"5220 E. TELFORD STREET, EAST LOS ANGELES, CA 90022",FRESENIUS MEDICAL CARE,Profit,12/20/2006,33,TRUE
552845,18,DAVITA-PALMS VALLEY DIALYSIS,38454 5TH STREET WEST,PALMDALE,CA,93551,LOS ANGELES,"38454 5TH STREET WEST, PALMDALE, CA 93551",DAVITA,Profit,10/22/2018,33,TRUE
52747,18,U.S. RENAL CARE WEST COAST DIALYSIS,"3780 KILROY AIRPORT WAY, SUITE 110",LONG BEACH,CA,90806,LOS ANGELES,"3780 KILROY AIRPORT WAY, SUITE 110, LONG BEACH, CA 90806","US RENAL CARE, INC.",Profit,05/01/1994,21,TRUE
52399,18,KAISER FOUNDATION HOSPITAL MEDICAL CTR.- BALDWIN PARK,PERITONEAL DIALYSIS UNIT 1813 N HACIENDA BLVD.,LA PUENTE,CA,91744,LOS ANGELES,"PERITONEAL DIALYSIS UNIT 1813 N HACIENDA BLVD., LA PUENTE, CA 91744",KAISER PERMANENTE,Non-Profit,02/07/2006,6,FALSE
52893,18,"TEMPLE CITY DIALYSIS FACILITY, INC.",9945 LOWER AZUSA ROAD,TEMPLE CITY,CA,91780,LOS ANGELES,"9945 LOWER AZUSA ROAD, TEMPLE CITY, CA 91780",INDEPENDENT,Profit,01/13/2003,18,TRUE
552727,18,DAVITA-FIRESTONE BLVD. DIALYSIS,11913 FIRESTONE BLVD.,NORWALK,CA,90650,LOS ANGELES,"11913 FIRESTONE BLVD., NORWALK, CA 90650",DAVITA,Profit,07/01/2013,24,TRUE
52858,18,DAVITA-KENNETH HAHN PLAZA DIALYSIS CENTER,11854 S. WILMINGTON  AVENUE,LOS ANGELES,CA,90059,LOS ANGELES,"11854 S. WILMINGTON  AVENUE, LOS ANGELES, CA 90059",DAVITA,Profit,03/02/2000,20,TRUE
52683,18,FMC-RAI-EAST OLYMPIC-LOS ANGELES,5714 EAST OLYMPIC BLVD.,LOS ANGELES,CA,90022,LOS ANGELES,"5714 EAST OLYMPIC BLVD., LOS ANGELES, CA 90022",FRESENIUS MEDICAL CARE,Profit,05/22/1989,24,TRUE
52588,18,DAVITA-WEST HILLS DIALYSIS,"7230 MEDICAL CENTER DRIVE, SUITE 101",WEST HILLS,CA,91307,LOS ANGELES,"7230 MEDICAL CENTER DRIVE, SUITE 101, WEST HILLS, CA 91307",DAVITA,Profit,06/15/1983,12,TRUE
552687,18,FMC-RAI-SOUTH BRAND-SAN FERNANDO,501 S. BRAND BLVD.,SAN FERNANDO,CA,91340,LOS ANGELES,"501 S. BRAND BLVD., SAN FERNANDO, CA 91340",FRESENIUS MEDICAL CARE,Profit,09/02/2011,5,TRUE
52854,18,MOHAN DIALYSIS CENTER OF INDUSTRY,15757 E. VALLEY BLVD.,CITY OF INDUSTRY,CA,91744,LOS ANGELES,"15757 E. VALLEY BLVD., CITY OF INDUSTRY, CA 91744",INDEPENDENT,Profit,01/26/2000,32,TRUE
552801,18,DAVITA-EL DORADO DIALYSIS,2977 REDONDO AVENUE,LONG BEACH,CA,90806,LOS ANGELES,"2977 REDONDO AVENUE, LONG BEACH, CA 90806",DAVITA,Profit,09/19/2016,24,TRUE
552810,18,U.S. RENAL CARE GRAND HOME PROGRAM,"1145 WEST 6TH STREET, SUITE 100",LOS ANGELES,CA,90017,LOS ANGELES,"1145 WEST 6TH STREET, SUITE 100, LOS ANGELES, CA 90017","US RENAL CARE, INC.",Profit,03/23/2017,3,FALSE
52700,18,DAVITA-MONTEREY PARK DIALYSIS CENTER,"2560 CORPORATE PLACE, BUILDING D, SUITE 100-101",MONTEREY PARK,CA,91754,LOS ANGELES,"2560 CORPORATE PLACE, BUILDING D, SUITE 100-101, MONTEREY PARK, CA 91754",DAVITA,Profit,08/30/1990,28,TRUE
552822,18,DAVITA-HUNTINGTON DIALYSIS,390 S. FAIR OAKS BLVD.,PASADENA,CA,91105,LOS ANGELES,"390 S. FAIR OAKS BLVD., PASADENA, CA 91105",DAVITA,Profit,12/22/2017,25,TRUE
552690,18,U.S. RENAL CARE TORRANCE DIALYSIS CENTER,20430 HAWTHORNE BLVD.,TORRANCE,CA,90503,LOS ANGELES,"20430 HAWTHORNE BLVD., TORRANCE, CA 90503","US RENAL CARE, INC.",Profit,10/04/2011,18,TRUE
552686,18,DAVITA-SOUTH CERRITOS DIALYSIS,12191 226TH STREET,HAWAIIAN GARDENS,CA,90716,LOS ANGELES,"12191 226TH STREET, HAWAIIAN GARDENS, CA 90716",DAVITA,Profit,01/28/2011,15,TRUE
52582,18,"ST. VINCENT DIALYSIS CENTER, INC.","201 S. ALVARADO STREET, SUITE 220",LOS ANGELES,CA,90057,LOS ANGELES,"201 S. ALVARADO STREET, SUITE 220, LOS ANGELES, CA 90057",INDEPENDENT,Non-Profit,09/01/1982,17,TRUE
52794,18,DAVITA-USC KIDNEY CENTER,2310 ALCAZAR STREET,LOS ANGELES,CA,90033,LOS ANGELES,"2310 ALCAZAR STREET, LOS ANGELES, CA 90033",DAVITA,Profit,11/05/1996,58,TRUE
552552,18,"SAN DIMAS DIALYSIS CENTER, INC.","1335 CYPRESS STREET, SUITE 102",SAN DIMAS,CA,91773,LOS ANGELES,"1335 CYPRESS STREET, SUITE 102, SAN DIMAS, CA 91773",INDEPENDENT,Profit,05/12/2006,32,TRUE
52844,18,DAVITA-IMPERIAL CARE DIALYSIS CENTER,4345 E. IMPERIAL HIGHWAY,LYNWOOD,CA,90262,LOS ANGELES,"4345 E. IMPERIAL HIGHWAY, LYNWOOD, CA 90262",DAVITA,Profit,04/23/1999,31,TRUE
552671,18,FMC-EUCALYPTUS,610 N. EUCALYPTUS AVENUE,INGLEWOOD,CA,90302,LOS ANGELES,"610 N. EUCALYPTUS AVENUE, INGLEWOOD, CA 90302",FRESENIUS MEDICAL CARE,Profit,02/09/2011,24,TRUE
552701,18,FMC-VAN NUYS,14812 OXNARD STREET,VAN NUYS,CA,91411,LOS ANGELES,"14812 OXNARD STREET, VAN NUYS, CA 91411",FRESENIUS MEDICAL CARE,Profit,08/03/2012,25,TRUE
52712,18,INTERCOMMUNITY DIALYSIS CENTER,12455 WASHINGTON BLVD.,WHITTIER,CA,90602,LOS ANGELES,"12455 WASHINGTON BLVD., WHITTIER, CA 90602",INDEPENDENT,Profit,06/17/1991,31,TRUE
552506,18,FMC-IRWINDALE,"12711 RAMONA BLVD., SUITE 111",IRWINDALE,CA,91706,LOS ANGELES,"12711 RAMONA BLVD., SUITE 111, IRWINDALE, CA 91706",FRESENIUS MEDICAL CARE,Profit,05/12/2003,31,TRUE
52865,18,DAVITA-CENTURY CITY DIALYSIS CENTER,10630 SANTA MONICA BLVD.,LOS ANGELES,CA,90025,LOS ANGELES,"10630 SANTA MONICA BLVD., LOS ANGELES, CA 90025",DAVITA,Profit,08/01/1998,40,TRUE
52590,18,FMC-RAI-COMPTON-LOS ANGELES,11859 COMPTON AVENUE,LOS ANGELES,CA,90059,LOS ANGELES,"11859 COMPTON AVENUE, LOS ANGELES, CA 90059",FRESENIUS MEDICAL CARE,Profit,07/19/1983,27,TRUE
52585,18,U.S. RENAL CARE VAN NUYS DIALYSIS,"14624 SHERMAN WAY, SUITE 106",VAN NUYS,CA,91405,LOS ANGELES,"14624 SHERMAN WAY, SUITE 106, VAN NUYS, CA 91405","US RENAL CARE, INC.",Profit,02/01/1983,14,TRUE
52574,18,DAVITA-DOWNEY DIALYSIS CENTER,"8630 FLORENCE AVENUE, SUITE 100",DOWNEY,CA,90240,LOS ANGELES,"8630 FLORENCE AVENUE, SUITE 100, DOWNEY, CA 90240",DAVITA,Profit,08/31/1981,19,TRUE
52613,18,DAVITA-EATON CANYON DIALYSIS,2551 E. WASHINGTON BLVD.,PASADENA,CA,91107,LOS ANGELES,"2551 E. WASHINGTON BLVD., PASADENA, CA 91107",DAVITA,Profit,02/20/1985,30,TRUE
52643,18,DAVITA-TOWER DIALYSIS,"8635 W. THIRD STREET, SUITE 560",LOS ANGELES,CA,90048,LOS ANGELES,"8635 W. THIRD STREET, SUITE 560, LOS ANGELES, CA 90048",DAVITA,Profit,07/01/1986,20,TRUE
52760,18,FMC-SAN GABRIEL DIALYSIS CENTER,"1801 W. VALLEY BLVD., SUITE 102",ALHAMBRA,CA,91803,LOS ANGELES,"1801 W. VALLEY BLVD., SUITE 102, ALHAMBRA, CA 91803",FRESENIUS MEDICAL CARE,Profit,03/20/1995,38,TRUE
52544,18,FMC-CULVER CITY DIALYSIS,9432 VENICE BLVD.,CULVER CITY,CA,90230,LOS ANGELES,"9432 VENICE BLVD., CULVER CITY, CA 90230",FRESENIUS MEDICAL CARE,Profit,08/14/1977,24,TRUE
52564,18,DAVITA-GARFIELD HEMODIALYSIS CENTER,118 HILLIARD AVENUE,MONTEREY PARK,CA,91754,LOS ANGELES,"118 HILLIARD AVENUE, MONTEREY PARK, CA 91754",DAVITA,Profit,04/06/1977,25,TRUE
52843,18,U.S. RENAL CARE MONTEBELLO DIALYSIS,"433 N. 4TH. ST., SUITE 102",MONTEBELLO,CA,90640,LOS ANGELES,"433 N. 4TH. ST., SUITE 102, MONTEBELLO, CA 90640","US RENAL CARE, INC.",Profit,04/05/1999,15,TRUE
52872,18,FLORENCE DIALYSIS CENTER,351 W. FLORENCE AVENUE,LOS ANGELES,CA,90003,LOS ANGELES,"351 W. FLORENCE AVENUE, LOS ANGELES, CA 90003",INDEPENDENT,Profit,05/23/2001,32,TRUE
552832,18,DAVITA-ROLLING HILLS DIALYSIS,"25210 CRENSHAW BLVD., SUITE 110",TORRANCE,CA,90505,LOS ANGELES,"25210 CRENSHAW BLVD., SUITE 110, TORRANCE, CA 90505",DAVITA,Profit,04/20/2018,27,TRUE
552525,18,FMC-SAN FERNANDO,"451 S. BRAND BLVD., SUITE 100",SAN FERNANDO,CA,91340,LOS ANGELES,"451 S. BRAND BLVD., SUITE 100, SAN FERNANDO, CA 91340",FRESENIUS MEDICAL CARE,Profit,04/28/2004,25,TRUE
52652,18,DAVITA-PARAMOUNT DIALYSIS CENTER,15625 LAKEWOOD BLVD.,PARAMOUNT,CA,90723,LOS ANGELES,"15625 LAKEWOOD BLVD., PARAMOUNT, CA 90723",DAVITA,Profit,01/05/1987,37,TRUE
52828,18,DAVITA-LOS ANGELES DOWNTOWN,2021 S. FLOWER STREET,LOS ANGELES,CA,90007,LOS ANGELES,"2021 S. FLOWER STREET, LOS ANGELES, CA 90007",DAVITA,Profit,04/24/1998,27,TRUE
552657,18,"SAN GABRIEL NEPHROLOGY SERVICES, LLC",801 S. SAN GABRIEL BLVD.,SAN GABRIEL,CA,91776,LOS ANGELES,"801 S. SAN GABRIEL BLVD., SAN GABRIEL, CA 91776",INDEPENDENT,Profit,06/04/2010,36,TRUE